Patient Name,Age,Gender,Education Level (Years),Variant ID,Gene,Genotype,Allele Frequency,Alzheimer's Disease
Christopher Lopez,78,Female,12,rs75932628,TREM2,AA,0.041,0
Mary Taylor,54,Male,12,rs429358,APOE,AA,0.188,0
Richard Moore,74,Male,8,rs744373,BIN1,AG,0.295,0
Donna Williams,77,Female,7,rs3764650,ABCA7,AG,0.198,1
Robert Martin,86,Female,19,rs429358,APOE,AG,0.152,1
Lisa Garcia,74,Male,6,rs744373,BIN1,AA,0.269,1
Steven Garcia,65,Male,18,rs11218343,SORL1,AG,0.194,1
Mary Wilson,82,Female,18,rs3764650,ABCA7,AA,0.165,0
Sarah Thomas,80,Female,17,rs11136000,CLU,AA,0.302,1
William Anderson,90,Female,8,rs6656401,CR1,AA,0.296,1
Betty Johnson,63,Male,6,rs429358,APOE,AA,0.121,0
Jessica Hernandez,77,Female,17,rs744373,BIN1,AA,0.299,0
Lisa Martin,72,Male,20,rs11218343,SORL1,AA,0.208,0
Donald Martinez,60,Male,16,rs6656401,CR1,AA,0.153,1
Jessica Jackson,76,Male,18,rs11136000,CLU,AG,0.255,0
Steven Rodriguez,57,Female,18,rs429358,APOE,AA,0.122,0
Margaret Miller,69,Male,20,rs3851179,PICALM,AA,0.338,1
Donna Williams,52,Female,9,rs3851179,PICALM,AA,0.245,0
Karen Martin,54,Male,16,rs6656401,CR1,AA,0.233,0
Daniel Miller,51,Female,15,rs75932628,TREM2,AA,0.025,1
Christopher Rodriguez,89,Female,9,rs11136000,CLU,AG,0.358,0
Thomas Thomas,88,Female,17,rs6656401,CR1,GG,0.161,0
Susan Martinez,75,Female,10,rs11136000,CLU,AA,0.38,0
Charles Taylor,77,Female,18,rs11136000,CLU,AA,0.387,0
James Rodriguez,86,Male,17,rs3851179,PICALM,AG,0.254,0
Susan Thomas,82,Female,10,rs429358,APOE,GG,0.147,1
Jennifer Williams,85,Female,6,rs11218343,SORL1,AA,0.208,1
Karen Jones,52,Female,16,rs75932628,TREM2,AA,0.011,0
Charles Hernandez,85,Female,20,rs11218343,SORL1,AA,0.145,0
Emily Gonzalez,77,Male,12,rs11136000,CLU,AG,0.323,1
Thomas Gonzalez,63,Female,14,rs3851179,PICALM,AA,0.339,0
Richard Jackson,67,Male,19,rs744373,BIN1,AG,0.349,1
Nancy Davis,65,Male,7,rs11218343,SORL1,AG,0.15,1
Joshua Garcia,65,Male,14,rs75932628,TREM2,GG,0.01,0
Karen Hernandez,74,Female,12,rs3851179,PICALM,AG,0.269,0
Ashley Gonzalez,77,Female,7,rs75932628,TREM2,AA,0.05,1
Anthony Williams,85,Female,20,rs11136000,CLU,AG,0.341,0
Nancy Rodriguez,57,Male,19,rs11136000,CLU,AA,0.261,0
Anthony Rodriguez,78,Female,19,rs3764650,ABCA7,AA,0.169,0
Charles Davis,83,Male,13,rs3851179,PICALM,AA,0.262,1
Mary Gonzalez,63,Male,20,rs3764650,ABCA7,AG,0.243,0
Karen Miller,82,Male,16,rs11136000,CLU,AA,0.329,0
Jessica Jones,50,Male,12,rs11218343,SORL1,GG,0.118,0
Kimberly Wilson,64,Female,9,rs75932628,TREM2,AG,0.045,1
Mary Taylor,71,Female,19,rs3764650,ABCA7,AA,0.29,1
Margaret Gonzalez,67,Female,16,rs3764650,ABCA7,AA,0.255,0
Michelle Gonzalez,81,Female,16,rs744373,BIN1,AG,0.304,1
Donald Jackson,55,Female,9,rs11218343,SORL1,AG,0.172,1
Jennifer Davis,79,Male,13,rs744373,BIN1,AG,0.346,1
Linda Martin,52,Female,9,rs11218343,SORL1,AA,0.143,0
Michelle Hernandez,51,Male,7,rs11218343,SORL1,AA,0.184,0
Paul Davis,59,Male,11,rs11136000,CLU,AG,0.337,0
Anthony Miller,54,Male,12,rs6656401,CR1,AA,0.151,0
Robert Smith,58,Female,19,rs3851179,PICALM,GG,0.338,0
John Rodriguez,70,Male,20,rs11136000,CLU,AG,0.349,0
David Gonzalez,84,Male,13,rs3851179,PICALM,AA,0.262,1
Elizabeth Davis,79,Female,13,rs75932628,TREM2,AA,0.042,0
Susan Taylor,82,Male,15,rs3851179,PICALM,AA,0.342,0
Patricia Williams,77,Male,14,rs75932628,TREM2,AG,0.031,1
Barbara Wilson,75,Male,11,rs11218343,SORL1,GG,0.187,0
Lisa Martin,78,Male,9,rs744373,BIN1,AA,0.295,1
David Thomas,76,Female,20,rs3851179,PICALM,AG,0.242,0
Matthew Wilson,81,Female,20,rs7412,APOE,AG,0.198,1
Daniel Johnson,50,Female,17,rs11136000,CLU,AG,0.324,0
Barbara Martin,64,Male,15,rs3851179,PICALM,AA,0.309,0
John Jones,68,Female,10,rs75932628,TREM2,AA,0.04,1
Patricia Martin,58,Male,15,rs3851179,PICALM,AA,0.258,0
Andrew Gonzalez,62,Female,13,rs3851179,PICALM,AA,0.323,0
Patricia Hernandez,60,Female,7,rs3764650,ABCA7,AG,0.273,0
Lisa Jones,85,Male,15,rs6656401,CR1,GG,0.191,1
Sarah Anderson,71,Male,14,rs11136000,CLU,AA,0.269,0
Paul Smith,69,Male,9,rs744373,BIN1,AA,0.25,0
William Rodriguez,84,Male,17,rs75932628,TREM2,AA,0.019,1
Donald Rodriguez,67,Male,18,rs6656401,CR1,AA,0.15,0
Patricia Rodriguez,86,Female,19,rs429358,APOE,AA,0.199,1
Sandra Williams,53,Female,18,rs3764650,ABCA7,AG,0.2,0
Mary Rodriguez,61,Female,14,rs3851179,PICALM,AG,0.3,0
Anthony Taylor,55,Male,6,rs3764650,ABCA7,AA,0.227,0
Christopher Davis,52,Male,17,rs3851179,PICALM,AA,0.26,0
Ashley Davis,61,Male,9,rs3851179,PICALM,AG,0.303,1
Susan Davis,68,Male,15,rs75932628,TREM2,AA,0.028,0
Matthew Jackson,65,Male,6,rs6656401,CR1,GG,0.283,0
Karen Davis,77,Female,10,rs11218343,SORL1,AG,0.245,0
John Johnson,74,Female,20,rs3764650,ABCA7,AG,0.161,1
Andrew Gonzalez,58,Male,10,rs744373,BIN1,GG,0.313,0
Sandra Gonzalez,80,Male,11,rs75932628,TREM2,AA,0.024,1
Ashley Wilson,68,Female,20,rs11218343,SORL1,AA,0.171,1
Michelle Davis,72,Female,17,rs11136000,CLU,AA,0.315,0
James Hernandez,55,Male,12,rs6656401,CR1,AG,0.193,1
William Hernandez,87,Female,18,rs11218343,SORL1,AA,0.176,0
Betty Lopez,62,Male,17,rs429358,APOE,GG,0.192,1
Donald Lopez,69,Male,13,rs6656401,CR1,AG,0.228,1
Paul Miller,67,Male,13,rs3851179,PICALM,AG,0.255,1
Matthew Moore,71,Female,16,rs75932628,TREM2,GG,0.025,1
David Hernandez,79,Male,15,rs6656401,CR1,AA,0.294,0
Paul Rodriguez,71,Male,13,rs7412,APOE,AG,0.115,1
Donna Martin,60,Female,11,rs3851179,PICALM,GG,0.233,0
David Lopez,55,Male,17,rs7412,APOE,AA,0.102,0
Emily Davis,82,Male,12,rs75932628,TREM2,AA,0.04,0
Jennifer Hernandez,84,Male,14,rs6656401,CR1,AA,0.261,1
Jennifer Anderson,55,Female,17,rs3764650,ABCA7,AA,0.204,1
Michelle Moore,78,Female,9,rs744373,BIN1,AA,0.32,0
Elizabeth Anderson,60,Male,12,rs6656401,CR1,AG,0.232,0
Richard Jackson,61,Female,20,rs75932628,TREM2,AA,0.017,0
Susan Johnson,65,Female,10,rs75932628,TREM2,AG,0.039,0
Anthony Rodriguez,52,Female,11,rs6656401,CR1,AG,0.263,0
Karen Wilson,51,Male,10,rs11218343,SORL1,GG,0.159,0
Susan Thomas,79,Female,13,rs3851179,PICALM,AA,0.27,0
Nancy Moore,87,Male,13,rs3851179,PICALM,AA,0.28,0
Sarah Wilson,88,Male,10,rs744373,BIN1,AA,0.248,1
Patricia Jones,67,Male,8,rs3764650,ABCA7,GG,0.257,1
Thomas Thomas,57,Female,19,rs11136000,CLU,AA,0.272,0
Linda Taylor,70,Male,6,rs3851179,PICALM,AG,0.34,0
Lisa Lopez,88,Male,7,rs7412,APOE,AA,0.148,1
Barbara Hernandez,88,Male,8,rs3764650,ABCA7,AG,0.255,1
Margaret Hernandez,60,Female,9,rs7412,APOE,AG,0.157,0
Karen Thomas,63,Male,12,rs6656401,CR1,AG,0.286,1
Betty Lopez,69,Male,15,rs3764650,ABCA7,AG,0.209,1
Sarah Lopez,82,Male,18,rs11218343,SORL1,AA,0.225,1
John Williams,75,Female,6,rs3764650,ABCA7,AA,0.294,0
Barbara Jackson,71,Male,17,rs11218343,SORL1,AA,0.236,0
Barbara Garcia,61,Male,19,rs3851179,PICALM,AA,0.212,0
Christopher Johnson,87,Male,15,rs11218343,SORL1,GG,0.24,1
Joseph Miller,53,Female,8,rs3851179,PICALM,AA,0.341,1
Kimberly Wilson,62,Male,16,rs11218343,SORL1,AG,0.215,0
William Davis,87,Male,7,rs11218343,SORL1,AA,0.121,0
Donald Jackson,78,Female,9,rs11218343,SORL1,AG,0.182,0
Ashley Miller,88,Male,15,rs6656401,CR1,AG,0.242,1
Sarah Moore,80,Female,8,rs11136000,CLU,AA,0.299,1
Thomas Williams,50,Female,17,rs11136000,CLU,GG,0.377,0
Daniel Jones,61,Female,11,rs429358,APOE,AG,0.165,1
Emily Anderson,87,Female,13,rs11218343,SORL1,GG,0.102,0
Susan Wilson,68,Female,9,rs11218343,SORL1,AA,0.218,0
Steven Martinez,56,Male,7,rs11218343,SORL1,GG,0.208,0
Nancy Wilson,69,Male,15,rs6656401,CR1,AG,0.219,0
Paul Taylor,81,Female,16,rs75932628,TREM2,GG,0.014,1
Matthew Jackson,73,Male,18,rs744373,BIN1,AA,0.24,0
Thomas Wilson,53,Male,20,rs75932628,TREM2,AG,0.036,1
Lisa Moore,51,Female,6,rs429358,APOE,AG,0.162,1
Lisa Hernandez,61,Male,13,rs7412,APOE,GG,0.174,0
Linda Martinez,67,Female,11,rs3851179,PICALM,GG,0.333,1
John Martin,60,Female,20,rs3764650,ABCA7,AG,0.218,1
John Moore,69,Female,19,rs11218343,SORL1,AA,0.114,0
Joshua Martin,76,Male,11,rs6656401,CR1,AG,0.234,0
Donald Garcia,85,Male,13,rs6656401,CR1,AG,0.219,0
Steven Davis,59,Male,14,rs429358,APOE,AA,0.183,1
Emily Johnson,67,Male,17,rs744373,BIN1,AA,0.322,0
Charles Smith,66,Female,12,rs11136000,CLU,AA,0.343,0
Michelle Miller,82,Male,18,rs3851179,PICALM,AG,0.238,1
Karen Miller,52,Female,16,rs3851179,PICALM,GG,0.227,1
Karen Moore,74,Male,7,rs11218343,SORL1,GG,0.243,1
Linda Martin,72,Male,13,rs6656401,CR1,AA,0.152,1
Michael Williams,84,Female,15,rs11218343,SORL1,AA,0.149,0
Barbara Rodriguez,87,Female,18,rs3851179,PICALM,AA,0.346,0
Steven Martinez,60,Female,14,rs11136000,CLU,AG,0.285,0
Michael Davis,85,Female,8,rs3851179,PICALM,AA,0.25,1
Paul Johnson,76,Male,9,rs11218343,SORL1,AA,0.103,1
Betty Gonzalez,50,Male,16,rs11136000,CLU,AG,0.386,0
Robert Moore,64,Female,15,rs11136000,CLU,AG,0.289,0
Linda Moore,67,Female,12,rs3764650,ABCA7,AA,0.251,1
Betty Martin,71,Female,8,rs3764650,ABCA7,AA,0.193,1
David Martin,67,Male,7,rs744373,BIN1,GG,0.339,1
Michelle Davis,71,Female,6,rs3851179,PICALM,AA,0.272,0
Richard Anderson,82,Male,11,rs75932628,TREM2,AA,0.017,1
Sandra Miller,63,Male,19,rs3851179,PICALM,AG,0.342,1
Paul Jones,80,Female,17,rs7412,APOE,GG,0.102,1
Thomas Anderson,86,Female,19,rs11136000,CLU,AA,0.27,1
Michelle Hernandez,84,Female,16,rs744373,BIN1,AA,0.266,1
Christopher Moore,52,Male,11,rs11218343,SORL1,AG,0.202,0
Margaret Williams,71,Male,17,rs7412,APOE,AA,0.127,1
Christopher Miller,87,Female,12,rs11218343,SORL1,GG,0.191,0
Nancy Martin,90,Male,14,rs75932628,TREM2,AA,0.016,1
Michelle Brown,56,Female,10,rs75932628,TREM2,AA,0.028,0
Margaret Williams,56,Male,16,rs429358,APOE,AA,0.179,0
Thomas Taylor,88,Female,12,rs3851179,PICALM,AA,0.29,0
Barbara Thomas,81,Male,11,rs75932628,TREM2,AA,0.022,1
David Garcia,53,Female,9,rs11218343,SORL1,AG,0.13,0
Christopher Davis,58,Female,8,rs75932628,TREM2,AG,0.027,1
David Smith,57,Female,8,rs6656401,CR1,AG,0.156,0
Michael Rodriguez,69,Male,16,rs3764650,ABCA7,AA,0.178,0
Anthony Garcia,89,Female,15,rs6656401,CR1,AA,0.165,1
Joseph Jackson,58,Female,16,rs3851179,PICALM,AA,0.241,0
Daniel Williams,53,Female,7,rs3851179,PICALM,AA,0.347,0
Robert Miller,77,Female,8,rs7412,APOE,AA,0.174,0
Margaret Jackson,65,Female,17,rs429358,APOE,AG,0.199,1
Mark Anderson,72,Male,12,rs3851179,PICALM,GG,0.296,1
Sandra Johnson,88,Male,12,rs11218343,SORL1,AA,0.148,1
Lisa Martinez,62,Male,12,rs7412,APOE,AG,0.163,1
Ashley Johnson,67,Male,19,rs11136000,CLU,AA,0.295,0
Sandra Martinez,56,Male,19,rs75932628,TREM2,AA,0.032,0
Lisa Smith,90,Male,18,rs75932628,TREM2,AG,0.047,0
Matthew Brown,61,Male,18,rs11136000,CLU,AA,0.355,0
Andrew Anderson,86,Female,10,rs11136000,CLU,GG,0.329,0
Thomas Anderson,75,Female,7,rs3851179,PICALM,AA,0.208,0
Michael Gonzalez,55,Male,12,rs11218343,SORL1,AA,0.195,1
Elizabeth Miller,68,Female,13,rs6656401,CR1,AA,0.204,0
Ashley Martinez,60,Male,8,rs3764650,ABCA7,AG,0.292,0
Ashley Anderson,78,Male,8,rs3764650,ABCA7,AG,0.263,1
Susan Taylor,81,Male,19,rs3764650,ABCA7,GG,0.217,1
Kimberly Lopez,89,Female,13,rs744373,BIN1,AA,0.335,1
Daniel Rodriguez,71,Male,8,rs11136000,CLU,AA,0.369,0
Barbara Wilson,85,Male,7,rs429358,APOE,AA,0.165,1
Jessica Wilson,59,Male,15,rs11218343,SORL1,AG,0.145,0
Joseph Gonzalez,72,Male,7,rs6656401,CR1,AA,0.256,1
Patricia Jackson,69,Female,20,rs744373,BIN1,GG,0.312,0
Mary Garcia,74,Female,9,rs11218343,SORL1,AG,0.201,0
Sarah Gonzalez,74,Female,16,rs744373,BIN1,AA,0.219,0
Daniel Smith,87,Female,13,rs3851179,PICALM,AG,0.239,0
Nancy Martin,56,Male,9,rs3851179,PICALM,AA,0.212,1
Jennifer Garcia,56,Female,20,rs75932628,TREM2,AG,0.024,1
Karen Gonzalez,63,Female,13,rs3764650,ABCA7,AG,0.162,1
Christopher Lopez,72,Male,20,rs11218343,SORL1,AG,0.203,0
Joshua Thomas,79,Male,6,rs3851179,PICALM,AA,0.336,1
Ashley Moore,62,Male,20,rs11218343,SORL1,AA,0.117,1
Emily Wilson,83,Female,17,rs6656401,CR1,AA,0.269,0
Jennifer Hernandez,62,Male,20,rs3764650,ABCA7,AG,0.192,0
Donald Hernandez,79,Male,14,rs744373,BIN1,AA,0.219,0
Patricia Thomas,70,Male,15,rs7412,APOE,AA,0.164,0
John Moore,54,Male,16,rs744373,BIN1,GG,0.331,0
Richard Rodriguez,71,Male,11,rs744373,BIN1,GG,0.208,0
Linda Lopez,68,Male,15,rs6656401,CR1,AA,0.23,0
Lisa Williams,58,Male,18,rs744373,BIN1,AA,0.209,0
Susan Jackson,69,Female,18,rs429358,APOE,AA,0.128,0
Charles Anderson,90,Female,15,rs75932628,TREM2,AA,0.041,1
Patricia Jackson,54,Female,13,rs11218343,SORL1,GG,0.157,1
Elizabeth Jones,54,Female,12,rs11218343,SORL1,GG,0.142,1
Mark Jones,59,Female,16,rs11218343,SORL1,AA,0.19,0
Donna Jackson,66,Male,14,rs75932628,TREM2,AG,0.032,0
Nancy Davis,55,Male,12,rs11136000,CLU,AA,0.29,0
Karen Wilson,53,Male,18,rs11218343,SORL1,AA,0.143,0
Sarah Smith,66,Male,19,rs6656401,CR1,AA,0.238,0
Nancy Brown,62,Female,15,rs3764650,ABCA7,AG,0.274,0
Sarah Jones,84,Male,6,rs744373,BIN1,AA,0.339,1
Patricia Martin,83,Female,11,rs429358,APOE,AA,0.133,1
Paul Miller,54,Male,19,rs744373,BIN1,AG,0.237,0
Patricia Wilson,54,Male,16,rs744373,BIN1,AA,0.348,0
Mark Lopez,86,Female,8,rs744373,BIN1,GG,0.336,1
Patricia Smith,52,Female,9,rs7412,APOE,AG,0.121,1
Margaret Rodriguez,60,Female,12,rs7412,APOE,GG,0.115,0
William Brown,90,Male,11,rs75932628,TREM2,AG,0.038,1
Mary Davis,67,Female,17,rs75932628,TREM2,AG,0.035,0
Donna Taylor,64,Male,10,rs11136000,CLU,AA,0.356,0
Daniel Gonzalez,54,Female,9,rs6656401,CR1,AG,0.173,0
Joseph Johnson,61,Male,15,rs7412,APOE,AG,0.191,0
Paul Lopez,85,Male,7,rs75932628,TREM2,AA,0.034,1
Jennifer Hernandez,85,Male,10,rs11218343,SORL1,AG,0.175,1
Donna Martin,56,Male,18,rs11218343,SORL1,AG,0.133,0
Charles Anderson,54,Female,6,rs3764650,ABCA7,AA,0.242,0
Patricia Davis,67,Female,6,rs3851179,PICALM,AA,0.297,1
James Williams,59,Female,14,rs11218343,SORL1,GG,0.194,0
Mark Brown,53,Male,14,rs3851179,PICALM,AG,0.328,0
Elizabeth Gonzalez,78,Female,10,rs6656401,CR1,AA,0.292,0
Susan Wilson,71,Male,20,rs744373,BIN1,AA,0.25,0
Joseph Smith,65,Female,19,rs429358,APOE,AG,0.131,1
Emily Davis,53,Male,13,rs6656401,CR1,AG,0.152,0
Betty Jackson,76,Male,18,rs75932628,TREM2,AA,0.016,0
Jennifer Gonzalez,82,Male,20,rs3764650,ABCA7,AA,0.221,1
Jessica Williams,53,Female,11,rs7412,APOE,AG,0.121,0
Daniel Gonzalez,59,Male,8,rs11136000,CLU,AG,0.258,1
Sarah Martin,72,Male,18,rs11136000,CLU,AA,0.296,0
Nancy Hernandez,57,Female,6,rs11136000,CLU,AA,0.273,1
Robert Anderson,72,Male,20,rs429358,APOE,AG,0.17,0
Paul Smith,52,Male,9,rs11136000,CLU,AG,0.285,0
Andrew Moore,71,Female,20,rs11136000,CLU,AA,0.344,1
Jessica Williams,80,Male,20,rs429358,APOE,GG,0.111,1
Sandra Gonzalez,68,Female,9,rs75932628,TREM2,AG,0.043,0
Michelle Brown,76,Female,12,rs11218343,SORL1,AG,0.184,1
Patricia Davis,59,Male,12,rs429358,APOE,AG,0.142,1
John Anderson,90,Female,9,rs744373,BIN1,AA,0.212,1
Elizabeth Taylor,58,Female,10,rs11218343,SORL1,AA,0.242,0
Mary Davis,67,Male,8,rs11218343,SORL1,AA,0.236,1
Karen Wilson,85,Female,12,rs3764650,ABCA7,GG,0.242,1
Jessica Martinez,62,Male,12,rs3764650,ABCA7,AA,0.172,0
Thomas Thomas,57,Female,13,rs6656401,CR1,AG,0.278,0
Mary Davis,75,Female,12,rs11136000,CLU,AA,0.281,1
Mark Hernandez,88,Male,18,rs11218343,SORL1,AA,0.131,0
Margaret Gonzalez,62,Female,20,rs11218343,SORL1,AA,0.243,1
Susan Jones,88,Male,10,rs3851179,PICALM,AA,0.278,0
Jessica Rodriguez,57,Female,10,rs7412,APOE,GG,0.13,1
Thomas Garcia,54,Male,20,rs11218343,SORL1,AG,0.167,0
Lisa Jones,56,Female,12,rs744373,BIN1,AG,0.317,0
Patricia Wilson,89,Female,10,rs3851179,PICALM,AA,0.332,0
Elizabeth Martinez,55,Female,9,rs75932628,TREM2,AG,0.04,0
Michael Martinez,61,Male,6,rs75932628,TREM2,AA,0.027,0
Christopher Miller,65,Female,18,rs3851179,PICALM,AG,0.281,0
Andrew Lopez,82,Female,11,rs744373,BIN1,AA,0.288,1
Thomas Martin,73,Male,9,rs11218343,SORL1,AG,0.238,0
Patricia Williams,62,Female,8,rs3851179,PICALM,AG,0.296,1
Andrew Martin,53,Male,19,rs6656401,CR1,AA,0.271,0
Joshua Jackson,59,Female,7,rs75932628,TREM2,AA,0.024,0
Jennifer Jackson,86,Male,14,rs6656401,CR1,AG,0.179,1
Emily Jackson,73,Male,20,rs75932628,TREM2,AG,0.03,1
David Lopez,58,Female,9,rs7412,APOE,AA,0.156,0
Steven Rodriguez,71,Male,16,rs744373,BIN1,AA,0.233,0
Jessica Garcia,67,Female,7,rs11218343,SORL1,AG,0.245,1
William Moore,90,Female,8,rs429358,APOE,AG,0.174,1
Mark Brown,50,Female,20,rs3851179,PICALM,AA,0.241,0
Michael Martin,63,Female,19,rs3764650,ABCA7,AA,0.217,0
Thomas Brown,55,Female,11,rs11218343,SORL1,AG,0.164,0
Patricia Jones,52,Female,8,rs744373,BIN1,AG,0.205,0
Daniel Smith,62,Female,17,rs429358,APOE,AA,0.114,1
John Wilson,64,Female,9,rs6656401,CR1,AG,0.225,1
Barbara Williams,66,Female,11,rs11218343,SORL1,GG,0.194,1
Elizabeth Jackson,65,Male,16,rs429358,APOE,AA,0.149,1
Donald Moore,73,Male,14,rs11218343,SORL1,AA,0.123,1
Sarah Hernandez,90,Female,19,rs75932628,TREM2,GG,0.036,1
Charles Martinez,50,Male,7,rs6656401,CR1,GG,0.165,0
Patricia Lopez,60,Male,20,rs429358,APOE,GG,0.162,0
Patricia Moore,56,Female,10,rs3764650,ABCA7,AA,0.267,0
Robert Davis,89,Male,14,rs429358,APOE,AA,0.175,1
Anthony Jackson,70,Male,11,rs744373,BIN1,AG,0.285,1
Anthony Moore,55,Male,19,rs11218343,SORL1,AA,0.183,0
Jennifer Miller,87,Male,20,rs3764650,ABCA7,AG,0.296,0
Karen Anderson,61,Female,13,rs6656401,CR1,AA,0.192,1
Joseph Moore,89,Male,20,rs3851179,PICALM,AA,0.295,1
Sandra Martinez,71,Female,19,rs6656401,CR1,AA,0.278,1
Elizabeth Rodriguez,90,Female,19,rs75932628,TREM2,AA,0.015,1
Thomas Lopez,74,Female,10,rs744373,BIN1,AA,0.221,1
Mark Moore,72,Male,15,rs11136000,CLU,AA,0.26,0
Elizabeth Taylor,86,Female,16,rs75932628,TREM2,AG,0.014,1
Elizabeth Wilson,79,Male,17,rs429358,APOE,AA,0.151,1
Susan Thomas,56,Male,12,rs11136000,CLU,AG,0.348,0
Donald Smith,69,Male,16,rs11218343,SORL1,AG,0.2,1
Joseph Wilson,84,Male,13,rs11136000,CLU,AA,0.35,0
Sarah Davis,79,Female,18,rs11218343,SORL1,AA,0.186,0
Andrew Johnson,81,Female,17,rs11136000,CLU,AG,0.313,1
Daniel Rodriguez,86,Male,17,rs3851179,PICALM,AG,0.265,0
David Thomas,53,Male,16,rs3764650,ABCA7,AG,0.263,1
Michael Taylor,64,Female,20,rs75932628,TREM2,AA,0.04,0
James Lopez,76,Female,16,rs744373,BIN1,AG,0.321,0
Anthony Davis,86,Male,13,rs6656401,CR1,AG,0.256,1
Michelle Wilson,67,Female,17,rs6656401,CR1,AG,0.258,0
Matthew Jackson,87,Female,7,rs3764650,ABCA7,AA,0.19,1
Sandra Garcia,86,Female,15,rs11218343,SORL1,GG,0.227,0
Donald Thomas,89,Male,12,rs6656401,CR1,GG,0.161,1
Jessica Anderson,57,Female,6,rs3764650,ABCA7,AA,0.165,0
Kimberly Smith,54,Female,15,rs6656401,CR1,AG,0.181,0
Elizabeth Garcia,72,Male,16,rs3851179,PICALM,AG,0.325,1
Michelle Lopez,69,Female,6,rs75932628,TREM2,AA,0.036,0
Mark Martinez,68,Male,15,rs7412,APOE,AG,0.138,0
Elizabeth Smith,90,Male,16,rs75932628,TREM2,AG,0.033,1
Andrew Brown,87,Female,20,rs11218343,SORL1,AA,0.111,1
Richard Hernandez,74,Female,17,rs11218343,SORL1,AA,0.128,0
Kimberly Davis,58,Female,11,rs11218343,SORL1,GG,0.199,0
John Gonzalez,70,Female,18,rs429358,APOE,AA,0.155,1
Mary Miller,70,Female,20,rs3764650,ABCA7,AG,0.233,1
Karen Thomas,82,Male,10,rs3764650,ABCA7,AA,0.295,1
Sarah Jackson,63,Female,10,rs3851179,PICALM,AG,0.263,0
Richard Jones,62,Female,17,rs7412,APOE,AA,0.192,1
Donna Smith,61,Male,7,rs3764650,ABCA7,GG,0.296,0
Richard Jones,57,Female,19,rs3851179,PICALM,AA,0.292,0
Joseph Martinez,59,Male,16,rs11136000,CLU,AG,0.252,0
John Garcia,63,Female,13,rs6656401,CR1,AG,0.205,0
Kimberly Hernandez,51,Male,16,rs7412,APOE,AA,0.165,0
Christopher Davis,50,Female,13,rs3764650,ABCA7,AG,0.217,0
Sarah Hernandez,73,Male,20,rs3764650,ABCA7,AA,0.154,1
Robert Moore,84,Female,12,rs7412,APOE,AG,0.184,1
Mark Martinez,85,Female,11,rs75932628,TREM2,AA,0.018,1
Paul Jones,73,Male,20,rs6656401,CR1,AA,0.245,0
Donna Brown,69,Female,6,rs3764650,ABCA7,GG,0.176,1
Barbara Smith,74,Female,17,rs11218343,SORL1,AA,0.154,1
Robert Hernandez,61,Female,10,rs6656401,CR1,AA,0.234,0
Ashley Thomas,83,Male,18,rs75932628,TREM2,AG,0.018,1
Andrew Martin,88,Female,14,rs7412,APOE,AG,0.105,1
Christopher Rodriguez,53,Female,18,rs744373,BIN1,AG,0.332,0
James Brown,76,Male,16,rs6656401,CR1,AG,0.231,0
David Martinez,50,Male,16,rs11218343,SORL1,AA,0.179,0
William Brown,70,Female,15,rs75932628,TREM2,AA,0.026,0
Kimberly Johnson,65,Male,16,rs6656401,CR1,AA,0.262,0
Matthew Johnson,50,Female,15,rs3851179,PICALM,AA,0.317,0
Christopher Jones,87,Male,6,rs11218343,SORL1,AA,0.134,1
John Brown,85,Female,6,rs75932628,TREM2,AG,0.011,1
Jennifer Davis,70,Female,9,rs6656401,CR1,AA,0.212,1
Steven Anderson,78,Female,20,rs3851179,PICALM,AA,0.201,0
John Williams,59,Male,9,rs11136000,CLU,AA,0.39,0
Andrew Anderson,83,Female,13,rs3851179,PICALM,AG,0.207,1
Margaret Davis,62,Male,20,rs11136000,CLU,AA,0.289,1
Charles Wilson,50,Female,12,rs7412,APOE,AA,0.173,0
Jessica Miller,78,Male,14,rs11218343,SORL1,AG,0.192,0
John Jones,66,Male,6,rs6656401,CR1,AA,0.295,0
Elizabeth Johnson,89,Female,7,rs11218343,SORL1,AG,0.17,1
Lisa Thomas,89,Male,10,rs11136000,CLU,AG,0.349,0
Andrew Jones,83,Male,10,rs744373,BIN1,AA,0.228,1
Jennifer Thomas,78,Male,10,rs75932628,TREM2,AA,0.036,0
Sarah Brown,70,Female,13,rs3851179,PICALM,AG,0.243,0
Christopher Moore,88,Male,17,rs6656401,CR1,AA,0.193,0
Mark Miller,56,Female,18,rs11136000,CLU,AA,0.398,0
David Johnson,66,Male,7,rs75932628,TREM2,AG,0.03,1
Margaret Wilson,76,Male,10,rs11218343,SORL1,AA,0.118,0
Sarah Wilson,74,Male,13,rs11218343,SORL1,AA,0.208,0
Karen Martin,68,Male,14,rs11218343,SORL1,AA,0.162,0
Anthony Moore,58,Female,18,rs75932628,TREM2,AA,0.027,0
Joshua Taylor,85,Male,13,rs6656401,CR1,AG,0.168,0
Susan Rodriguez,72,Female,15,rs429358,APOE,GG,0.159,1
Patricia Lopez,70,Female,9,rs11218343,SORL1,AG,0.167,1
Donald Lopez,81,Female,10,rs6656401,CR1,AG,0.254,0
David Thomas,79,Male,20,rs3764650,ABCA7,AG,0.157,0
Christopher Taylor,72,Male,6,rs429358,APOE,AG,0.151,0
Joseph Williams,83,Female,13,rs11136000,CLU,GG,0.332,1
Joseph Jackson,70,Female,14,rs3764650,ABCA7,GG,0.281,0
Matthew Miller,66,Male,18,rs75932628,TREM2,AG,0.03,1
Margaret Gonzalez,56,Female,7,rs75932628,TREM2,AA,0.025,0
Andrew Johnson,65,Male,7,rs11218343,SORL1,AG,0.112,0
Sandra Garcia,88,Female,16,rs6656401,CR1,AA,0.294,0
Joseph Smith,59,Male,20,rs3764650,ABCA7,GG,0.277,1
Ashley Taylor,53,Male,19,rs75932628,TREM2,AA,0.01,0
Sarah Jones,50,Male,11,rs11136000,CLU,GG,0.267,1
Linda Johnson,67,Female,16,rs75932628,TREM2,AA,0.046,1
Mary Martinez,69,Female,12,rs3851179,PICALM,AA,0.218,0
Daniel Gonzalez,51,Male,16,rs75932628,TREM2,AA,0.036,0
Betty Taylor,51,Female,7,rs744373,BIN1,AG,0.201,0
Robert Martin,72,Female,7,rs3851179,PICALM,GG,0.275,1
James Taylor,53,Female,7,rs3851179,PICALM,AA,0.269,1
Lisa Jackson,68,Male,12,rs3851179,PICALM,AG,0.216,0
Jessica Brown,87,Male,6,rs75932628,TREM2,AA,0.024,1
Nancy Davis,59,Female,13,rs6656401,CR1,AG,0.251,0
Christopher Moore,74,Female,7,rs75932628,TREM2,GG,0.018,1
Donna Wilson,73,Male,18,rs75932628,TREM2,AA,0.037,0
Michael Moore,77,Female,12,rs3851179,PICALM,GG,0.346,0
Patricia Garcia,84,Male,10,rs75932628,TREM2,AG,0.048,0
Donald Garcia,56,Female,11,rs744373,BIN1,AA,0.316,0
Mark Lopez,87,Female,7,rs429358,APOE,GG,0.139,1
Kimberly Hernandez,61,Female,9,rs11218343,SORL1,AA,0.125,0
Michael Martin,52,Female,13,rs7412,APOE,GG,0.179,1
Matthew Garcia,66,Female,6,rs6656401,CR1,AG,0.25,1
Anthony Anderson,69,Male,11,rs75932628,TREM2,AA,0.023,1
Matthew Smith,85,Male,13,rs75932628,TREM2,AG,0.024,1
Joseph Davis,53,Female,12,rs429358,APOE,AA,0.137,0
Matthew Williams,73,Male,14,rs7412,APOE,AG,0.108,0
Christopher Thomas,51,Female,8,rs7412,APOE,AA,0.116,1
Sandra Taylor,79,Female,6,rs744373,BIN1,AA,0.251,1
Susan Hernandez,70,Male,13,rs3851179,PICALM,AG,0.262,0
Mark Davis,81,Male,15,rs75932628,TREM2,GG,0.019,0
Michelle Anderson,51,Male,11,rs7412,APOE,AA,0.2,1
Betty Wilson,90,Male,6,rs3764650,ABCA7,AG,0.248,1
Michelle Brown,55,Male,12,rs11136000,CLU,AA,0.378,0
David Hernandez,65,Female,11,rs75932628,TREM2,AA,0.022,1
Paul Davis,84,Female,18,rs11136000,CLU,AG,0.398,0
William Miller,50,Female,9,rs11218343,SORL1,AG,0.153,0
Robert Williams,76,Female,14,rs744373,BIN1,AG,0.228,1
Andrew Jones,88,Male,11,rs3851179,PICALM,AG,0.278,0
Matthew Garcia,70,Male,19,rs6656401,CR1,AG,0.193,0
Mark Johnson,65,Female,19,rs11136000,CLU,AG,0.322,0
Elizabeth Brown,87,Male,15,rs6656401,CR1,AA,0.259,0
Jessica Lopez,79,Male,9,rs3851179,PICALM,AG,0.305,0
Patricia Thomas,78,Male,11,rs429358,APOE,AG,0.185,1
Joseph Thomas,79,Female,14,rs75932628,TREM2,AA,0.022,1
Linda Jackson,59,Female,9,rs429358,APOE,AA,0.185,1
Thomas Davis,57,Female,6,rs744373,BIN1,AG,0.305,0
David Thomas,72,Male,17,rs11136000,CLU,AA,0.366,0
Joseph Gonzalez,50,Male,9,rs6656401,CR1,AA,0.161,1
Michael Taylor,80,Female,11,rs11218343,SORL1,AA,0.18,1
Mark Lopez,82,Female,15,rs3851179,PICALM,AG,0.236,1
Ashley Smith,75,Male,6,rs3851179,PICALM,AA,0.339,1
Sandra Martinez,69,Male,17,rs3764650,ABCA7,AG,0.18,0
Elizabeth Martinez,79,Male,17,rs6656401,CR1,AG,0.202,0
Mary Jackson,59,Female,15,rs429358,APOE,AA,0.168,0
Richard Anderson,63,Female,9,rs744373,BIN1,AG,0.299,0
Patricia Jackson,55,Female,14,rs3764650,ABCA7,AG,0.187,0
Emily Johnson,64,Female,6,rs6656401,CR1,AA,0.269,1
Betty Miller,78,Male,14,rs75932628,TREM2,AG,0.026,1
Lisa Garcia,83,Female,9,rs744373,BIN1,AG,0.309,1
James Garcia,84,Female,15,rs11218343,SORL1,AG,0.18,1
Nancy Smith,87,Male,15,rs744373,BIN1,AA,0.291,1
Mary Moore,77,Male,7,rs744373,BIN1,AA,0.216,0
David Brown,56,Male,19,rs11136000,CLU,GG,0.295,0
Robert Smith,88,Female,20,rs11136000,CLU,AG,0.381,0
Betty Anderson,65,Female,19,rs11136000,CLU,AG,0.299,0
Michael Garcia,57,Female,20,rs11136000,CLU,AG,0.378,1
Charles Taylor,52,Female,18,rs11136000,CLU,AG,0.362,0
Ashley Miller,50,Male,19,rs7412,APOE,GG,0.184,0
Kimberly Martinez,52,Male,8,rs11218343,SORL1,AG,0.243,0
Jennifer Garcia,58,Male,10,rs6656401,CR1,AG,0.158,1
Ashley Jones,59,Male,7,rs11136000,CLU,AG,0.28,0
Jessica Hernandez,62,Male,8,rs3851179,PICALM,AA,0.323,0
Mark Davis,74,Female,19,rs7412,APOE,AA,0.135,0
Donna Taylor,67,Female,12,rs7412,APOE,GG,0.175,1
Susan Johnson,61,Female,19,rs3764650,ABCA7,AA,0.254,1
Lisa Smith,77,Female,16,rs3851179,PICALM,AA,0.31,0
Nancy Anderson,75,Male,16,rs429358,APOE,AG,0.162,1
Paul Johnson,89,Male,18,rs75932628,TREM2,AG,0.012,0
Christopher Smith,53,Female,6,rs744373,BIN1,AG,0.337,0
Michael Taylor,67,Female,7,rs429358,APOE,AG,0.188,1
Betty Williams,58,Female,11,rs11136000,CLU,AG,0.31,1
Steven Garcia,64,Female,11,rs744373,BIN1,AG,0.29,0
Mark Williams,75,Female,13,rs3851179,PICALM,AG,0.224,1
Jessica Johnson,74,Male,9,rs3851179,PICALM,AG,0.264,1
Paul Jackson,88,Female,17,rs429358,APOE,GG,0.186,1
Elizabeth Williams,78,Male,8,rs6656401,CR1,AA,0.19,0
William Wilson,54,Male,6,rs744373,BIN1,GG,0.211,0
Jennifer Johnson,83,Female,20,rs75932628,TREM2,AA,0.032,1
Betty Moore,64,Female,13,rs11136000,CLU,AG,0.313,0
William Gonzalez,76,Male,19,rs744373,BIN1,AA,0.316,0
Charles Jackson,78,Male,18,rs11218343,SORL1,AG,0.1,0
Robert Brown,84,Male,6,rs11136000,CLU,AA,0.384,1
Betty Johnson,87,Female,18,rs11136000,CLU,GG,0.33,1
Kimberly Thomas,62,Male,17,rs744373,BIN1,AG,0.207,0
James Gonzalez,51,Male,18,rs75932628,TREM2,AA,0.011,0
Daniel Gonzalez,53,Female,12,rs11136000,CLU,GG,0.317,0
John Hernandez,73,Male,6,rs6656401,CR1,AA,0.154,0
